,loss,accuracy,val_loss,val_accuracy
0,0.3794490098953247,0.8100000023841858,0.7015775442123413,0.46000000834465027
