{"train_loss": [0.6100751701742411, 0.5713338686618954, 0.534501053703328, 0.5033474222873338, 0.4790210167411715, 0.46031980429931235, 0.4457271839824638, 0.4333858934987802, 0.42395861115720535, 0.4160532881738618, 0.409199527062645, 0.40335925185354427, 0.3987474761222704, 0.3944899203654911, 0.39077214755428336, 0.3873293333890615, 0.384159056825892, 0.38124589543117005, 0.37890409202756065, 0.3766361654503271, 0.37470762907261296, 0.3727243309734728, 0.3710077946256522, 0.36974202806595713, 0.3686758758313954], "dev_acc": [0.703768115942029, 0.8028985507246377, 0.8185507246376812, 0.8231884057971014, 0.8104347826086956, 0.8069565217391305, 0.84, 0.831304347826087, 0.8272463768115942, 0.8185507246376812, 0.8284057971014492, 0.8382608695652174, 0.8226086956521739, 0.832463768115942, 0.8336231884057971, 0.8353623188405798, 0.8446376811594203, 0.8278260869565217, 0.823768115942029, 0.8214492753623188, 0.8197101449275362, 0.8342028985507246, 0.8347826086956521, 0.8179710144927537, 0.8347826086956521]}