{"train_loss": [0.6356439688242972, 0.6069778752280399, 0.587630019756034, 0.5736946627730504, 0.5637412936892361, 0.5556168741701791, 0.5496120802126825, 0.5438884977484122, 0.5388581767781742, 0.5346108904341236, 0.5310328222006898, 0.5277256128417017, 0.5244882050722551, 0.5219501732249877, 0.5193248633605738, 0.5168434673396405, 0.5148371480925775, 0.5129271112511762, 0.5111393062765465, 0.5093482285388745, 0.5078757166130734, 0.5062269040235233, 0.5047920433824639, 0.503392688173335, 0.5019973504822701], "dev_acc": [0.7289855072463768, 0.7426086956521739, 0.7536231884057971, 0.7431884057971014, 0.7524637681159421, 0.7530434782608696, 0.7536231884057971, 0.7559420289855072, 0.7553623188405797, 0.7594202898550725, 0.7536231884057971, 0.7571014492753623, 0.7571014492753623, 0.76, 0.76, 0.7611594202898551, 0.7657971014492754, 0.7628985507246376, 0.7652173913043478, 0.7582608695652174, 0.7489855072463768, 0.7704347826086957, 0.7652173913043478, 0.7652173913043478, 0.7553623188405797]}