{"train_loss": [0.811310600489378, 0.6724370702868327, 0.5852736686744416, 0.5094546372711193, 0.4394801213522442, 0.3820151117579371, 0.3342137395021772, 0.3014483174081306, 0.2708403981840901, 0.24545911682371296, 0.22476736960611146, 0.20719498671576275, 0.19186363335809523, 0.17884062336328757, 0.16714530031680017, 0.15719752923286023, 0.14828638180331247, 0.14027069830107544, 0.13301981488485867, 0.12642123422139662, 0.12045315221528308, 0.11502132608038354, 0.11007355632440245, 0.10558210828137742, 0.101411067809413], "dev_acc": [0.6968115942028985, 0.7304347826086957, 0.7710144927536232, 0.8034782608695652, 0.7942028985507247, 0.7965217391304348, 0.7965217391304348, 0.8017391304347826, 0.8115942028985508, 0.8034782608695652, 0.8052173913043478, 0.8115942028985508, 0.8127536231884058, 0.8057971014492754, 0.8063768115942029, 0.8144927536231884, 0.808695652173913, 0.8139130434782609, 0.8150724637681159, 0.8121739130434783, 0.8156521739130435, 0.8121739130434783, 0.8144927536231884, 0.8185507246376812, 0.816231884057971]}