{"train_loss": [0.6129009507130831, 0.5820185996126384, 0.5478236059037348, 0.5181345081655309, 0.4927237558178604, 0.47320491874900955, 0.45674680083590957, 0.4436320897366386, 0.4337226047904955, 0.42522954144515096, 0.4174205325120552, 0.4119339845298479, 0.40635371616540045, 0.4019089711530666, 0.3981734746756653, 0.3944171859329799, 0.3909434323911281, 0.38782700376274687, 0.38537798554783587, 0.3833214425947517, 0.38092268223962966, 0.37874636019114405, 0.37661503459853324, 0.37464091583387926, 0.37282571327872577], "dev_acc": [0.7263768115942029, 0.7339130434782609, 0.7872463768115942, 0.8110144927536231, 0.8098550724637681, 0.8115942028985508, 0.8318840579710145, 0.8185507246376812, 0.7843478260869565, 0.8272463768115942, 0.8249275362318841, 0.8168115942028985, 0.8185507246376812, 0.7860869565217391, 0.8220289855072463, 0.8208695652173913, 0.8168115942028985, 0.8266666666666667, 0.8156521739130435, 0.8266666666666667, 0.8255072463768116, 0.8150724637681159, 0.8249275362318841, 0.816231884057971, 0.8243478260869566]}