{"train_loss": [0.654413880314678, 0.623094838578254, 0.6011458394738535, 0.5869270964758471, 0.5756518281064927, 0.5664076837711036, 0.5593386124819517, 0.553913274226943, 0.5491211997965971, 0.5451067124726251, 0.5414397010198709, 0.5384213280243179, 0.5366946951880192, 0.5356036832922005, 0.5336550491706779, 0.5310944780067075, 0.5289203043999698, 0.527045082494927, 0.5253713301284925, 0.5236311186221428, 0.5222739716326552, 0.5208693677136167, 0.5198057654374482, 0.5185443980347676, 0.5173941771127284], "dev_acc": [0.724927536231884, 0.7397101449275363, 0.7397101449275363, 0.744927536231884, 0.7507246376811594, 0.7530434782608696, 0.7397101449275363, 0.7501449275362319, 0.7553623188405797, 0.7547826086956522, 0.7507246376811594, 0.7507246376811594, 0.7507246376811594, 0.7501449275362319, 0.7565217391304347, 0.7513043478260869, 0.7530434782608696, 0.7530434782608696, 0.7501449275362319, 0.7565217391304347, 0.7553623188405797, 0.7582608695652174, 0.7484057971014493, 0.7518840579710145, 0.7489855072463768]}