{"train_loss": [0.6854070173576474, 0.6553154005669057, 0.6313093149413666, 0.6149641038500704, 0.6035916294436902, 0.5949877216092622, 0.5888065555731633, 0.5838180859864224, 0.5795364584515078, 0.5759066390339285, 0.5729940056335181, 0.5705545979435556, 0.5683236612508503, 0.566427138916749, 0.5647097982776662, 0.5629921248764731, 0.5616190010846099, 0.5602935512627786, 0.5591477073704529, 0.5580253593507223, 0.557104669555667, 0.5561061295024543, 0.5552470409210123, 0.5544832311473632, 0.5536555222328752], "dev_acc": [0.7426086956521739, 0.744927536231884, 0.7489855072463768, 0.7489855072463768, 0.7484057971014493, 0.7466666666666667, 0.7466666666666667, 0.7460869565217392, 0.7466666666666667, 0.7472463768115942, 0.7466666666666667, 0.7484057971014493, 0.7478260869565218, 0.7489855072463768, 0.7478260869565218, 0.7478260869565218, 0.7472463768115942, 0.7484057971014493, 0.7484057971014493, 0.7478260869565218, 0.7472463768115942, 0.7460869565217392, 0.7460869565217392, 0.7466666666666667, 0.7466666666666667]}