{"train_loss": [0.6115652597509325, 0.5759350407170132, 0.5410857216144601, 0.5091761006624438, 0.48784993244335056, 0.4709304910696422, 0.4547016189234065, 0.4419024847156834, 0.43171855923719704, 0.4235012162709609, 0.41611412133682857, 0.40988039553243044, 0.40457976639915544, 0.40004359069280326, 0.3963048286891232, 0.39308183545654174, 0.3900440995964934, 0.38749402509226155, 0.3847483382805398, 0.3822148171020672, 0.37979248594049186, 0.37765729186040436, 0.3758648227414359, 0.37397051004033227, 0.3722962244041264], "dev_acc": [0.7130434782608696, 0.7431884057971014, 0.7797101449275362, 0.7802898550724637, 0.7768115942028986, 0.8185507246376812, 0.7988405797101449, 0.8191304347826087, 0.8168115942028985, 0.807536231884058, 0.8150724637681159, 0.8185507246376812, 0.8092753623188406, 0.7878260869565218, 0.8104347826086956, 0.8052173913043478, 0.8214492753623188, 0.8220289855072463, 0.8231884057971014, 0.8255072463768116, 0.8336231884057971, 0.8197101449275362, 0.8173913043478261, 0.8197101449275362, 0.8278260869565217]}