{"train_loss": [0.6776526668109, 0.6603452523704618, 0.6506220090668648, 0.6448217771248892, 0.640822944464162, 0.6381069029060503, 0.636136602377519, 0.6346545665583108, 0.6332836718453715, 0.6321454779012129, 0.6311470073944127, 0.630263895902317, 0.6293924056315938, 0.6286094529288155, 0.6279067960567772, 0.6272776823316235, 0.6266084933269989, 0.626019493301606, 0.6254109521151373, 0.6248955284128896, 0.6244109138469434, 0.623911213785918, 0.6233777318797682, 0.622925731819123, 0.6224211909994483], "dev_acc": [0.664927536231884, 0.664927536231884, 0.664927536231884, 0.664927536231884, 0.664927536231884, 0.664927536231884, 0.664927536231884, 0.6655072463768116, 0.6655072463768116, 0.6655072463768116, 0.6655072463768116, 0.6655072463768116, 0.6655072463768116, 0.6655072463768116, 0.6655072463768116, 0.6655072463768116, 0.6655072463768116, 0.6660869565217391, 0.6678260869565218, 0.6678260869565218, 0.6678260869565218, 0.6678260869565218, 0.6678260869565218, 0.6689855072463768, 0.6684057971014493]}