{"train_loss": [0.6510315574705601, 0.6365758049068972, 0.6285016637605926, 0.622050459147431, 0.6178365746047347, 0.6128593788404638, 0.6086395660282246, 0.604809522483265, 0.601286185413806, 0.5978262468008324, 0.5952149945395914, 0.5924445446968699, 0.5897759089174752, 0.5874694417330569, 0.585098092801248, 0.5825623609707691, 0.5802076155566337, 0.5779376088046573, 0.5757947153852958, 0.5738513988791965, 0.571883513935886, 0.570261026954871, 0.5683834440196338, 0.5667704742421241, 0.565337499845773], "dev_acc": [0.664927536231884, 0.664927536231884, 0.664927536231884, 0.6771014492753623, 0.6678260869565218, 0.6956521739130435, 0.6939130434782609, 0.6997101449275362, 0.7118840579710145, 0.7055072463768116, 0.6979710144927537, 0.711304347826087, 0.7089855072463768, 0.7136231884057971, 0.7159420289855073, 0.7060869565217391, 0.7217391304347827, 0.7089855072463768, 0.7182608695652174, 0.7171014492753623, 0.7136231884057971, 0.7101449275362319, 0.7147826086956521, 0.7084057971014492, 0.7142028985507246]}