{"train_loss": [0.6447063805535436, 0.631694843294099, 0.6244168553190926, 0.6180051210103557, 0.6118586872704327, 0.6067619386982793, 0.6016312052961439, 0.5971622127399314, 0.5929451302314798, 0.5884887659456581, 0.5846920526078478, 0.5810365142727582, 0.5776978337850708, 0.574702515732497, 0.5718617749710878, 0.5689668756822357, 0.5662647494087544, 0.5635775196650583, 0.5608818263403679, 0.5585737637826241, 0.5563347973372965, 0.5541074637810446, 0.551847635201462, 0.5498697100265417, 0.5477923265658319], "dev_acc": [0.664927536231884, 0.664927536231884, 0.664927536231884, 0.688695652173913, 0.6956521739130435, 0.697391304347826, 0.7171014492753623, 0.7078260869565217, 0.7171014492753623, 0.7252173913043478, 0.72, 0.7240579710144928, 0.7188405797101449, 0.7182608695652174, 0.7281159420289856, 0.7286956521739131, 0.7304347826086957, 0.7333333333333333, 0.7344927536231884, 0.7240579710144928, 0.7188405797101449, 0.7240579710144928, 0.7176811594202899, 0.721159420289855, 0.7246376811594203]}