{"train_loss": [0.6584351384080946, 0.6418454709928483, 0.6332904721299807, 0.6267209475045092, 0.6213443708606065, 0.6167053987737745, 0.6127087187155017, 0.6091425131889991, 0.6055784422335111, 0.6022965491516515, 0.5992685952012173, 0.5968053142617767, 0.5941875579122168, 0.591966975829564, 0.5897599405764292, 0.5874928192788502, 0.5856228975633926, 0.5837736170376755, 0.5819658942667669, 0.580420725105796, 0.5788009922308404, 0.5773287713951007, 0.5757080440247513, 0.5743953675652543, 0.572965723881498], "dev_acc": [0.664927536231884, 0.664927536231884, 0.664927536231884, 0.6608695652173913, 0.6684057971014493, 0.6857971014492754, 0.688695652173913, 0.6939130434782609, 0.7263768115942029, 0.7043478260869566, 0.7072463768115942, 0.7130434782608696, 0.7188405797101449, 0.7379710144927536, 0.7257971014492753, 0.7304347826086957, 0.7257971014492753, 0.7246376811594203, 0.7269565217391304, 0.7252173913043478, 0.7275362318840579, 0.7217391304347827, 0.7257971014492753, 0.7165217391304348, 0.7228985507246377]}