trial,freeze,seed,metric
0,0.7,474,0.7431884057971014
1,0.85,364,0.7147826086956521
2,1.0,44,0.6678260869565218
