{"train_loss": [0.6112839966081083, 0.5748110673157498, 0.5479871873588612, 0.5204661466996185, 0.49593875990249214, 0.4766419409619023, 0.46013249663103906, 0.4471286250918638, 0.43641048380070263, 0.42783254720270636, 0.42023880559612403, 0.41432371685126174, 0.4088209943774228, 0.4041929689036416, 0.4003285156407704, 0.39643230235378724, 0.39276109763201983, 0.38942464729512316, 0.38634510610350653, 0.38363068271428347, 0.38112516174580724, 0.37871794786769897, 0.3766192851547638, 0.3748203376696135, 0.373433502651751], "dev_acc": [0.7304347826086957, 0.736231884057971, 0.767536231884058, 0.7971014492753623, 0.808695652173913, 0.8144927536231884, 0.8028985507246377, 0.8295652173913044, 0.8197101449275362, 0.8191304347826087, 0.8133333333333334, 0.8081159420289855, 0.8098550724637681, 0.8010144927536232, 0.8121739130434783, 0.8220289855072463, 0.8057971014492754, 0.8191304347826087, 0.8063768115942029, 0.8092753623188406, 0.8191304347826087, 0.8191304347826087, 0.792463768115942, 0.8336231884057971, 0.8173913043478261]}