{"train_loss": [0.6441323212347925, 0.6153301417361945, 0.5981845489392678, 0.5842054704553448, 0.5720263535622507, 0.5628521721810102, 0.553406330557274, 0.543406535522081, 0.5355824401550409, 0.5267584527377039, 0.5193010016810149, 0.511697807291057, 0.504425480746879, 0.49774787799521747, 0.4911086923753222, 0.4848540988896275, 0.4788564201581347, 0.47360108201650697, 0.4686455209126794, 0.4643187556299381, 0.4600087568673882, 0.45608607157853176, 0.4523355879760145, 0.44889569058432244, 0.44547362450510264], "dev_acc": [0.664927536231884, 0.7321739130434782, 0.7507246376811594, 0.7275362318840579, 0.7501449275362319, 0.7327536231884058, 0.7495652173913043, 0.7420289855072464, 0.7524637681159421, 0.7379710144927536, 0.7084057971014492, 0.7402898550724638, 0.7373913043478261, 0.7275362318840579, 0.7281159420289856, 0.7263768115942029, 0.7460869565217392, 0.7275362318840579, 0.7402898550724638, 0.7495652173913043, 0.7142028985507246, 0.7327536231884058, 0.7078260869565217, 0.7356521739130435, 0.7333333333333333]}