{"train_loss": [0.6103809482883662, 0.5722680346807465, 0.5392388481025895, 0.509056358016096, 0.4849350391421467, 0.4671131536597386, 0.4519402388084148, 0.44144372653681785, 0.43280488764867187, 0.42531478935852646, 0.4183542043690316, 0.41278597502969205, 0.4082985969367795, 0.40370977224249927, 0.399595555709675, 0.39590317114198115, 0.3926240832079202, 0.3895536169746063, 0.38666471766651067, 0.3839981762692332, 0.38199741051842767, 0.3796855628236451, 0.3777637866163707, 0.3761963338086692, 0.3747668116632849], "dev_acc": [0.7379710144927536, 0.8052173913043478, 0.816231884057971, 0.8255072463768116, 0.8098550724637681, 0.8255072463768116, 0.7988405797101449, 0.7860869565217391, 0.8272463768115942, 0.8121739130434783, 0.7982608695652174, 0.8110144927536231, 0.8092753623188406, 0.8243478260869566, 0.8318840579710145, 0.8220289855072463, 0.831304347826087, 0.8336231884057971, 0.8318840579710145, 0.8208695652173913, 0.8197101449275362, 0.8214492753623188, 0.8197101449275362, 0.8226086956521739, 0.8127536231884058]}