{"train_loss": [0.6783927320502698, 0.6609444147907197, 0.650813294419398, 0.6448673789855093, 0.6407583423890173, 0.6380283716522778, 0.6359608980627465, 0.6343307576316874, 0.6328878383824809, 0.6317448316141963, 0.6307541047730907, 0.6298863213354101, 0.6291154909592408, 0.6282878843402224, 0.6275582797825336, 0.6268930495134555, 0.6262105119359844, 0.625630042826136, 0.6250550156630772, 0.6244799064821563, 0.6239359379147312, 0.6234151772117581, 0.6229589612162469, 0.6225275688630063, 0.6220630794111639], "dev_acc": [0.664927536231884, 0.664927536231884, 0.664927536231884, 0.664927536231884, 0.664927536231884, 0.664927536231884, 0.664927536231884, 0.6655072463768116, 0.6655072463768116, 0.6655072463768116, 0.6655072463768116, 0.6655072463768116, 0.6655072463768116, 0.6655072463768116, 0.6655072463768116, 0.6660869565217391, 0.6660869565217391, 0.6666666666666666, 0.6672463768115942, 0.6672463768115942, 0.6672463768115942, 0.6666666666666666, 0.6672463768115942, 0.6684057971014493, 0.6684057971014493]}