{"train_loss": [0.6635493128560483, 0.6296039398293942, 0.6069178903320184, 0.5905930260196328, 0.5786325200926512, 0.5698044446762651, 0.562865325914962, 0.5571146031143144, 0.5520378220308986, 0.5478689793962985, 0.5444175100631334, 0.5413553753557304, 0.5386375181305294, 0.5363292637048289, 0.5340876502605776, 0.5317991045303643, 0.5299575445927022, 0.5283347147439296, 0.5267928261432404, 0.5252698659547604, 0.5240130628281761, 0.5226844818415967, 0.5215730816227101, 0.520438482548343, 0.5194728087820113], "dev_acc": [0.724927536231884, 0.7356521739130435, 0.743768115942029, 0.7507246376811594, 0.7397101449275363, 0.7530434782608696, 0.7507246376811594, 0.7547826086956522, 0.743768115942029, 0.7571014492753623, 0.7553623188405797, 0.7524637681159421, 0.7507246376811594, 0.743768115942029, 0.7489855072463768, 0.7524637681159421, 0.7478260869565218, 0.7507246376811594, 0.7553623188405797, 0.744927536231884, 0.7484057971014493, 0.7455072463768115, 0.7524637681159421, 0.7472463768115942, 0.7478260869565218]}