{"train_loss": [0.6491594414692372, 0.620251452899538, 0.6037106163178881, 0.589002960245125, 0.5775181639939546, 0.5683660435800751, 0.5595919181193624, 0.5523935816308949, 0.5449135404907994, 0.5381963774794712, 0.5317963606000624, 0.5257853283352839, 0.5197290842636273, 0.513807965808415, 0.5083039206452667, 0.5027993829280604, 0.49747227674678846, 0.49217660814368475, 0.4873708251643142, 0.48313210766064, 0.4790497511137454, 0.47538785957096313, 0.4713782867335755, 0.4677107003711474, 0.4642964357230812], "dev_acc": [0.664927536231884, 0.7315942028985507, 0.7513043478260869, 0.7460869565217392, 0.7478260869565218, 0.7681159420289855, 0.7681159420289855, 0.76, 0.776231884057971, 0.7721739130434783, 0.7808695652173913, 0.7739130434782608, 0.7797101449275362, 0.7646376811594203, 0.7652173913043478, 0.767536231884058, 0.7768115942028986, 0.7715942028985507, 0.7565217391304347, 0.776231884057971, 0.721159420289855, 0.758840579710145, 0.7692753623188405, 0.7657971014492754, 0.7489855072463768]}