{"train_loss": [0.6108078332617879, 0.586195629555732, 0.5543357002704093, 0.5226240532356314, 0.49749811701476576, 0.4785984749517714, 0.46241595190284507, 0.44880010033375584, 0.439981128115, 0.4308348323684186, 0.4233321274673058, 0.41717436257749796, 0.4112910197582096, 0.40629474303152946, 0.40253295448298254, 0.3989407315966673, 0.3955164241248413, 0.39211737042448175, 0.3892279190354441, 0.38684419196797537, 0.38491484377577545, 0.38282756035385485, 0.38090614516935917, 0.37929232633905485, 0.3774861122574657], "dev_acc": [0.7165217391304348, 0.7710144927536232, 0.8028985507246377, 0.8023188405797101, 0.8272463768115942, 0.8179710144927537, 0.8220289855072463, 0.8173913043478261, 0.8260869565217391, 0.8226086956521739, 0.8127536231884058, 0.8197101449275362, 0.8081159420289855, 0.8173913043478261, 0.8098550724637681, 0.8220289855072463, 0.8318840579710145, 0.8376811594202899, 0.8255072463768116, 0.8110144927536231, 0.8092753623188406, 0.8156521739130435, 0.8185507246376812, 0.8359420289855073, 0.8185507246376812]}