{"train_loss": [0.6839466413948685, 0.6518943713745102, 0.6333698654392114, 0.6220062312786467, 0.6106332311872393, 0.600699239061214, 0.5920024357869157, 0.5851245101366658, 0.5784327239315543, 0.5729520667809993, 0.567505245774307, 0.562438775280801, 0.5571500771105863, 0.5527127212844789, 0.5480930842148761, 0.5438573453284334, 0.5395974198027569, 0.5356723446295493, 0.5321133118000274, 0.5283547417726367, 0.5248150255730641, 0.5211709549714049, 0.5175876501724934, 0.5144588586311633, 0.5113037181925029], "dev_acc": [0.664927536231884, 0.664927536231884, 0.6915942028985507, 0.7402898550724638, 0.7443478260869565, 0.7315942028985507, 0.7171014492753623, 0.7553623188405797, 0.7507246376811594, 0.7530434782608696, 0.7594202898550725, 0.7495652173913043, 0.7536231884057971, 0.7542028985507246, 0.744927536231884, 0.7605797101449275, 0.7489855072463768, 0.7478260869565218, 0.7275362318840579, 0.7368115942028985, 0.7234782608695652, 0.7402898550724638, 0.736231884057971, 0.7373913043478261, 0.7443478260869565]}