{"train_loss": [0.6061357319854336, 0.5657649974469032, 0.5458978212493716, 0.5336067702019026, 0.5245525838867907, 0.5174700610423633, 0.5116464087202862, 0.5065240011178592, 0.501938033196205, 0.49778398943269175, 0.49400229449064087, 0.49050882931504725, 0.4872457119617011, 0.4841578908363379, 0.481218020756201], "dev_acc": [0.7823775161412837, 0.8167489555639954, 0.8214963919483479, 0.833270034181542, 0.835358906190657, 0.8364982909229016, 0.8456133687808584, 0.8459931636916065, 0.8513102924420812, 0.846752753513103, 0.8420053171287505, 0.8440941891378656, 0.8505507026205849, 0.8378275731105204, 0.854538549183441]}