{"train_loss": [0.5607971091781608, 0.5317791914055889, 0.5169327771303659, 0.5071234981738334, 0.49960811360445295, 0.4930493964556763, 0.48742909791368016, 0.48236537396357626, 0.47773480913025657, 0.4732623701459164, 0.4690606794152055, 0.4650273662816037, 0.4611854832410932, 0.457654250254102, 0.4542198034153444], "dev_acc": [0.8192176224838588, 0.8408659323965059, 0.8516900873528295, 0.8503608051652107, 0.8621344473984048, 0.8687808583364983, 0.8665020888720091, 0.8672616786935055, 0.8672616786935055, 0.8625142423091531, 0.8646031143182681, 0.8613748575769085, 0.8659323965058868, 0.8651728066843904, 0.866122293961261]}