{"train_loss": [0.5192361292615648, 0.48244089473026197, 0.4590375927688294, 0.4428034644045705, 0.4309466945488853, 0.42164193986243603, 0.4143622038246686, 0.4083250212964807, 0.403216198329723, 0.3988872420573286, 0.39497723285578185, 0.39162649014537615, 0.38869014676765123, 0.3860725578681717, 0.3836894845731972], "dev_acc": [0.8602354728446638, 0.8841625522218002, 0.8976452715533612, 0.9022028104823395, 0.8995442461071022, 0.8989745537409799, 0.8963159893657425, 0.9016331181162173, 0.8985947588302317, 0.8995442461071022, 0.8940372199012533, 0.8940372199012533, 0.8898594758830232, 0.901253323205469, 0.8999240410178504]}