{"train_loss": [0.5701753301997264, 0.5348166850212119, 0.5156218988435255, 0.503291903583741, 0.4943344656421603, 0.48743930815815195, 0.4817958447388558, 0.4771049129378197, 0.47303090221445815, 0.46941190803704125, 0.46617531231637166, 0.4632850184949733, 0.46062684628907874, 0.45819642709729774, 0.4559528844140504], "dev_acc": [0.7691565669057631, 0.8212465990601039, 0.8368785555280732, 0.8473163492456097, 0.8528073212960673, 0.8473410833539451, 0.8505565174375463, 0.8579767499381648, 0.862379421221865, 0.8632203809052683, 0.8651249072470938, 0.8655453870887955, 0.8639871382636656, 0.8647786297303982, 0.8674993816472916]}