{"train_loss": [0.5490884537427828, 0.5159527494089446, 0.49735545705208567, 0.48519270549324445, 0.4762205639622287, 0.4690557355740152, 0.4630696482118, 0.45788245692733837, 0.45330934270849904, 0.44922293093979027, 0.4455249897840274, 0.4421215559418516, 0.43899855693130013, 0.4361333320698702, 0.43345422977871834], "dev_acc": [0.8129359386594114, 0.835295572594608, 0.8529557259460796, 0.8592876576799406, 0.8648528320554044, 0.8663616126638635, 0.8650754390304229, 0.872223596339352, 0.8616373979718032, 0.8746970071728914, 0.8728666831560722, 0.8714815730892901, 0.8758100420479842, 0.8739302498144942, 0.8759584466979965]}