{"train_loss": [0.4731560050838384, 0.44617359092908404, 0.4305678560342197, 0.4197282350936872, 0.4115492391477274], "dev_acc": [0.8715805095226317, 0.8870393272322533, 0.8933712589661142, 0.8959188721246599, 0.8952510511996042]}