{"train_loss": [0.5429816593905571, 0.5138526032336017, 0.49928944665122094, 0.48983398503148456, 0.4828885902128521], "dev_acc": [0.7935196636161267, 0.8351224338362602, 0.8427900074202325, 0.8493198120207767, 0.8530051941627504]}