{"train_loss": [0.6924582849710416, 0.675746548252228, 0.6404110775289372, 0.6012594691262796, 0.5667450384451793, 0.5399296387520611, 0.5193681979463214, 0.5004278346896172, 0.4852042078886956, 0.4725827144888731, 0.4619325727641166, 0.45296161020031345, 0.44501521863058, 0.43853180492535615, 0.43247846173934446, 0.4271307709889534, 0.4224572215864202, 0.4184976776907926, 0.41464968160418203, 0.4111215447577146, 0.40769177453276295, 0.4045275137835727, 0.4016269552069763, 0.39896003642461747, 0.39635719177050466], "dev_acc": [0.48375451263537905, 0.6209386281588448, 0.6173285198555957, 0.6101083032490975, 0.628158844765343, 0.6209386281588448, 0.6137184115523465, 0.6498194945848376, 0.6209386281588448, 0.6028880866425993, 0.6028880866425993, 0.6101083032490975, 0.6534296028880866, 0.6353790613718412, 0.6209386281588448, 0.6101083032490975, 0.6462093862815884, 0.5776173285198556, 0.6028880866425993, 0.6209386281588448, 0.631768953068592, 0.628158844765343, 0.631768953068592, 0.6101083032490975, 0.6028880866425993]}