{"train_loss": [0.6994880155110971, 0.6964092464783253, 0.6942968625798185, 0.691800787853889, 0.6886659596210871, 0.6848526575371751, 0.6805914606585171, 0.6747482664501055, 0.6677646066388513, 0.6588430086007485, 0.6497568230389993, 0.6404187533463168, 0.6308043454525739, 0.6215236615184899, 0.6123131910959879, 0.6042284363976274, 0.5971539830100662, 0.5893559237236311, 0.582292367270601, 0.5754514345182822, 0.568601511719026, 0.5623858128706892, 0.5564936044290578, 0.550983911443852, 0.5463457408012488], "dev_acc": [0.5523465703971119, 0.5523465703971119, 0.6137184115523465, 0.6173285198555957, 0.6064981949458483, 0.5812274368231047, 0.6245487364620939, 0.6534296028880866, 0.6245487364620939, 0.5992779783393501, 0.5884476534296029, 0.5956678700361011, 0.5776173285198556, 0.5631768953068592, 0.5595667870036101, 0.5631768953068592, 0.5703971119133574, 0.5703971119133574, 0.5631768953068592, 0.5812274368231047, 0.5812274368231047, 0.5776173285198556, 0.5415162454873647, 0.5884476534296029, 0.5631768953068592]}