{"train_loss": [0.6919761773867484, 0.689077337200825, 0.6876814286423545, 0.6836917509253209, 0.6772112600314312, 0.6698803476288787, 0.6617529828906495, 0.6515668909041545, 0.6405460816672724, 0.627811305798017, 0.6138650361960862, 0.6003950425447562, 0.5868899904823397, 0.5742485774305713, 0.5629075449756068, 0.5522266634716055, 0.5423881868701176, 0.533179998716228, 0.5249632196991068, 0.5173770062816448, 0.5103781345017228, 0.5039202450907035, 0.49781799572234436, 0.49213196435927326, 0.4869789065917333], "dev_acc": [0.5631768953068592, 0.5776173285198556, 0.5703971119133574, 0.5956678700361011, 0.628158844765343, 0.6173285198555957, 0.6028880866425993, 0.628158844765343, 0.5848375451263538, 0.5703971119133574, 0.555956678700361, 0.555956678700361, 0.5595667870036101, 0.5595667870036101, 0.5415162454873647, 0.555956678700361, 0.555956678700361, 0.5812274368231047, 0.5992779783393501, 0.5703971119133574, 0.5992779783393501, 0.5703971119133574, 0.5667870036101083, 0.5776173285198556, 0.5848375451263538]}