{"train_loss": [0.5890678484479492, 0.5122886889196065, 0.48178751825436844, 0.4641330431376953, 0.4520366857906985, 0.442574353555036, 0.43504128733407776, 0.4287272125730322, 0.4234598173444521, 0.4187938612982666, 0.414531239625883, 0.4107034775112134, 0.40738854356315657, 0.40436822073132783, 0.4015449983811246, 0.39899351378712544, 0.3966084170919466, 0.39445974983493204, 0.3924159965212307, 0.3904778971984947, 0.38875997419028835, 0.38711552233810276, 0.38556594851033493, 0.38414881645642096, 0.38277030205160306], "dev_acc": [0.823394495412844, 0.8853211009174312, 0.8853211009174312, 0.8910550458715596, 0.9002293577981652, 0.8990825688073395, 0.8979357798165137, 0.8979357798165137, 0.9128440366972477, 0.8967889908256881, 0.8990825688073395, 0.9013761467889908, 0.8990825688073395, 0.8910550458715596, 0.8979357798165137, 0.9025229357798165, 0.911697247706422, 0.8910550458715596, 0.911697247706422, 0.8967889908256881, 0.9025229357798165, 0.8899082568807339, 0.9013761467889908, 0.8910550458715596, 0.8979357798165137]}