{"train_loss": [0.610707120926533, 0.5280446121783268, 0.4952705342714879, 0.4762045115727993, 0.4632475664468389, 0.4538951091368049, 0.44630935871483796, 0.4402463405067875, 0.4350499892760217, 0.4306153734987535, 0.42677837724022566, 0.42323028575614247, 0.4201248925759852, 0.41722781941228937, 0.41456936735533007, 0.41208255125072535, 0.40985615311662327, 0.40776748750983144, 0.405810887418787, 0.4039183231416621], "dev_acc": [0.8279816513761468, 0.8669724770642202, 0.8795871559633027, 0.8899082568807339, 0.8910550458715596, 0.9025229357798165, 0.908256880733945, 0.8910550458715596, 0.9094036697247706, 0.908256880733945, 0.8876146788990825, 0.9036697247706422, 0.9036697247706422, 0.908256880733945, 0.9048165137614679, 0.9025229357798165, 0.9048165137614679, 0.9094036697247706, 0.8944954128440367, 0.9151376146788991]}