{"train_loss": [0.44885797138168804, 0.41506325109837455, 0.3993713954470975, 0.3899811036548535, 0.38320222203352106, 0.37839512835158684, 0.37438262985001025, 0.37114903050300063, 0.36863687942795087, 0.3662911592724771, 0.3643498443342187, 0.3625359055064825, 0.36100108058823327, 0.35955263449654645, 0.3583341483492183, 0.3572575280190647, 0.3562554794582422, 0.35529573173172463, 0.35440339556573736, 0.353573253857693], "dev_acc": [0.9174311926605505, 0.9139908256880734, 0.9139908256880734, 0.9185779816513762, 0.9208715596330275, 0.926605504587156, 0.9162844036697247, 0.911697247706422, 0.9094036697247706, 0.9185779816513762, 0.9128440366972477, 0.9094036697247706, 0.9174311926605505, 0.9162844036697247, 0.911697247706422, 0.911697247706422, 0.9174311926605505, 0.9128440366972477, 0.9059633027522935, 0.9048165137614679]}