{"train_loss": [0.6368465735577047, 0.6238873754628003, 0.6185568509778628, 0.614377505669836, 0.6109154276549816, 0.6148139600409195, 0.6171794417646846, 0.6190497708448675, 0.6194599888339225, 0.6210057283751667, 0.6212429242970591, 0.6218231073192632, 0.6206291380624932, 0.6197184008446389, 0.618506732971097, 0.6182216388260713, 0.6180038051131893, 0.6160568525342064, 0.6141495533949254, 0.6109316091169603, 0.6077494157722131, 0.6050630917730317, 0.6009960521680667, 0.5966258998766231, 0.5921839077677578, 0.5875211977131235, 0.5828810512364186, 0.5785749271245939, 0.5742258239649879, 0.5702780474520599, 0.5663621260919759, 0.5624174305266934, 0.5587245056857214, 0.5551236129626084, 0.5517443003798169, 0.5485184968048189, 0.5454380244482309, 0.5424736672399664, 0.5396343953489589, 0.5369926471088547, 0.5344377596487814, 0.5320319389658315, 0.5295848437086788, 0.5272787640516815, 0.5250390205170131, 0.5229126816645832, 0.5208601719412477, 0.5189078146067914, 0.5170112906537038, 0.5152305050753057], "dev_acc": [0.664927536231884, 0.664927536231884, 0.664927536231884, 0.6898550724637681, 0.664927536231884, 0.664927536231884, 0.664927536231884, 0.664927536231884, 0.6817391304347826, 0.664927536231884, 0.6718840579710145, 0.664927536231884, 0.623768115942029, 0.5368115942028986, 0.6898550724637681, 0.664927536231884, 0.664927536231884, 0.6881159420289855, 0.6608695652173913, 0.6915942028985507, 0.6939130434782609, 0.6771014492753623, 0.6550724637681159, 0.6782608695652174, 0.664927536231884, 0.6678260869565218, 0.6950724637681159, 0.6811594202898551, 0.6840579710144927, 0.6672463768115942, 0.662608695652174, 0.6556521739130434, 0.6794202898550724, 0.6742028985507247, 0.6672463768115942, 0.6585507246376812, 0.6979710144927537, 0.6817391304347826, 0.6834782608695652, 0.6510144927536232, 0.663768115942029, 0.673623188405797, 0.6701449275362319, 0.6614492753623188, 0.6492753623188405, 0.6666666666666666, 0.6608695652173913, 0.6730434782608695, 0.6678260869565218, 0.6678260869565218]}