{"train_loss": [0.6843132534995675, 0.6714514009654522, 0.661413822012643, 0.654170309426263, 0.6488637402188033, 0.6451066992788886, 0.6423504053548511, 0.6402776381582953, 0.6384568999573175, 0.6369729870231822, 0.6357067962896756, 0.6346156526706181, 0.6335718222141552, 0.6326619597218398, 0.631850514250497, 0.631147581647383, 0.6304190913489198, 0.629790639763491, 0.6291582953356403, 0.6286214474239387, 0.6281314667957347, 0.6276377170791172, 0.6271197558076971, 0.6266873391869012, 0.6262131626624614, 0.6258186107734218, 0.6254060406979449, 0.6250348380001794, 0.6246865988259429, 0.6243187157359595, 0.6239994715058035, 0.6236484396940796, 0.6233580823719614, 0.6230211099130375, 0.6227184747611838, 0.6224596779211424, 0.6221712563262397, 0.6219212382443642, 0.6216788422674514, 0.6214407381427008, 0.6211991698719652, 0.6209722570797783, 0.6207450718055804, 0.6205353315983136, 0.6203289902510328, 0.6201503028404778, 0.6199641816139697, 0.6197945811048461, 0.6196204907812026, 0.6194514737650753], "dev_acc": [0.664927536231884, 0.664927536231884, 0.664927536231884, 0.664927536231884, 0.664927536231884, 0.664927536231884, 0.664927536231884, 0.664927536231884, 0.664927536231884, 0.6655072463768116, 0.6655072463768116, 0.6655072463768116, 0.6655072463768116, 0.6655072463768116, 0.6655072463768116, 0.6655072463768116, 0.6655072463768116, 0.6655072463768116, 0.6655072463768116, 0.6655072463768116, 0.6655072463768116, 0.6655072463768116, 0.6655072463768116, 0.6655072463768116, 0.6660869565217391, 0.6666666666666666, 0.6678260869565218, 0.6678260869565218, 0.6678260869565218, 0.6678260869565218, 0.6678260869565218, 0.6678260869565218, 0.6678260869565218, 0.6678260869565218, 0.6678260869565218, 0.6678260869565218, 0.6678260869565218, 0.6684057971014493, 0.6684057971014493, 0.6689855072463768, 0.6689855072463768, 0.6689855072463768, 0.6689855072463768, 0.6689855072463768, 0.6684057971014493, 0.6684057971014493, 0.6684057971014493, 0.6684057971014493, 0.6684057971014493, 0.6684057971014493]}