{"train_loss": [0.6208033934235573, 0.5883465468650684, 0.5632967964435617, 0.5398845885065384, 0.5192669984418898, 0.5016100643745934, 0.4851603629400155, 0.4708927895408124, 0.4588472192020466, 0.44844038928858937, 0.4395169583784247, 0.43186329648597166, 0.425020310221813, 0.41957107533900334, 0.41461298420714837, 0.41010306078533176, 0.40606392761144566, 0.4023478070092905, 0.3987763850998722, 0.395605112623889, 0.39266276807479916, 0.3900375755778937, 0.38768495561595523, 0.3854021613757747, 0.3833824847638607, 0.38144554494199556, 0.37966087864953335, 0.3778790771528812, 0.3762299467905842, 0.374698038585484, 0.37326275184750557, 0.3719032291264739, 0.37062194254108227, 0.36938443280729083, 0.3682278573845646, 0.36713943655033493, 0.36608900117838905, 0.3651190582528024, 0.3641804551216177, 0.3632780980318785, 0.36242840553225, 0.36160387119300486, 0.36081196584327274, 0.3600905733923851, 0.35937632435622313, 0.3586809400357711, 0.3580381314696229, 0.3574222679211137, 0.35681181546414686, 0.3562295768968761], "dev_acc": [0.7223188405797102, 0.7217391304347827, 0.7582608695652174, 0.7965217391304348, 0.7704347826086957, 0.8110144927536231, 0.808695652173913, 0.8202898550724638, 0.8231884057971014, 0.8318840579710145, 0.8052173913043478, 0.8342028985507246, 0.8266666666666667, 0.7994202898550725, 0.8284057971014492, 0.8208695652173913, 0.8295652173913044, 0.823768115942029, 0.8330434782608696, 0.808695652173913, 0.8185507246376812, 0.8231884057971014, 0.8260869565217391, 0.8284057971014492, 0.8342028985507246, 0.8284057971014492, 0.8260869565217391, 0.8347826086956521, 0.8330434782608696, 0.8318840579710145, 0.8301449275362319, 0.8249275362318841, 0.8284057971014492, 0.8342028985507246, 0.8301449275362319, 0.8301449275362319, 0.8301449275362319, 0.8353623188405798, 0.8376811594202899, 0.8342028985507246, 0.8347826086956521, 0.8359420289855073, 0.8336231884057971, 0.8330434782608696, 0.8371014492753623, 0.831304347826087, 0.8347826086956521, 0.8371014492753623, 0.8371014492753623, 0.8376811594202899]}