{"train_loss": [0.6516113104298711, 0.6422624115366489, 0.6387641274680694, 0.6367061273776926, 0.6349864704534411, 0.6330981609644368, 0.6312801759091339, 0.6294443520600908, 0.6274217832574828, 0.6254683418432251, 0.6235414769034833, 0.6218435403231221, 0.6201305090843772, 0.6184925872200567, 0.6170339757266144, 0.6156297678826377, 0.6142038078978658, 0.6129661292329224, 0.611796205985899, 0.6106608881731518, 0.6094762045845744, 0.6083453070816838, 0.6071610615042079, 0.6061654536460992, 0.6051897495053709, 0.6042349887832713, 0.6033077654687481, 0.6024109309738768, 0.6014887507892502, 0.6005714464544629, 0.5996760720191824, 0.5988344808429247, 0.5981042289076317, 0.5973076268017072, 0.5965059641283006, 0.595805904090715, 0.5950907714086006, 0.5943675190394156, 0.5936916279546821, 0.5930798669054639, 0.5924378467678297, 0.5918283862383327, 0.591243737577569, 0.5905912800385109, 0.5900357408914715, 0.5894969406881896, 0.5889638955556252, 0.5884492911573034, 0.587956816494959, 0.5874481906369329], "dev_acc": [0.664927536231884, 0.664927536231884, 0.664927536231884, 0.664927536231884, 0.664927536231884, 0.664927536231884, 0.664927536231884, 0.6655072463768116, 0.6811594202898551, 0.6915942028985507, 0.6944927536231884, 0.6904347826086956, 0.687536231884058, 0.6504347826086957, 0.6689855072463768, 0.663768115942029, 0.6660869565217391, 0.671304347826087, 0.6515942028985507, 0.6666666666666666, 0.662608695652174, 0.6556521739130434, 0.6620289855072464, 0.6353623188405797, 0.6440579710144928, 0.6498550724637682, 0.6457971014492754, 0.6295652173913043, 0.6359420289855072, 0.6231884057971014, 0.6086956521739131, 0.6428985507246376, 0.6179710144927536, 0.6313043478260869, 0.6023188405797102, 0.6081159420289856, 0.6301449275362319, 0.6086956521739131, 0.5947826086956521, 0.592463768115942, 0.5889855072463768, 0.5936231884057971, 0.5994202898550725, 0.5907246376811595, 0.5837681159420289, 0.5942028985507246, 0.5756521739130435, 0.5889855072463768, 0.5889855072463768, 0.5884057971014492]}