{"train_loss": [0.669187858235091, 0.6561310375109315, 0.6491098251038542, 0.6449252618476748, 0.6418562006670981, 0.6398768104069555, 0.6385887618442732, 0.6376349819474854, 0.6367569816195302, 0.63609037254937, 0.6355877450074662, 0.6351262000001346, 0.6346376514277206, 0.6341336019436962, 0.6334456078552951, 0.6327026728104101, 0.6317191412261522, 0.6307044227141887, 0.6297236663338385, 0.6286561820772476, 0.6276030412852942, 0.6265889038120143, 0.6255459905824745, 0.6245804012966497, 0.6237050906289369, 0.622873161552259, 0.622033299041774, 0.6212155881886636, 0.6204504239902799, 0.6196215638658031, 0.6189441244688726, 0.618330286561104, 0.6177582539702681, 0.6171260570682695, 0.6165128663049213, 0.6159479971975088, 0.6153425757924246, 0.6147996982571816, 0.6143170424426595, 0.6137999052763916, 0.6133561041035758, 0.6129065767828641, 0.6124650769877832, 0.6120089187382043, 0.6116378783351846, 0.6112483666561868, 0.6108921192031591, 0.6104967637802474, 0.610172959671793, 0.6098300923500211], "dev_acc": [0.664927536231884, 0.664927536231884, 0.664927536231884, 0.664927536231884, 0.664927536231884, 0.664927536231884, 0.664927536231884, 0.664927536231884, 0.664927536231884, 0.664927536231884, 0.664927536231884, 0.664927536231884, 0.664927536231884, 0.664927536231884, 0.664927536231884, 0.664927536231884, 0.664927536231884, 0.664927536231884, 0.664927536231884, 0.664927536231884, 0.664927536231884, 0.664927536231884, 0.664927536231884, 0.6655072463768116, 0.664927536231884, 0.664927536231884, 0.664927536231884, 0.664927536231884, 0.664927536231884, 0.6660869565217391, 0.6660869565217391, 0.6643478260869565, 0.6666666666666666, 0.6666666666666666, 0.6660869565217391, 0.6655072463768116, 0.6660869565217391, 0.6666666666666666, 0.6631884057971015, 0.6643478260869565, 0.664927536231884, 0.6655072463768116, 0.6666666666666666, 0.664927536231884, 0.6660869565217391, 0.6631884057971015, 0.663768115942029, 0.6643478260869565, 0.6643478260869565, 0.6643478260869565]}