{"train_loss": [0.6209866867866367, 0.5879339858656749, 0.5629004612565041, 0.5402234603534453, 0.5200755471829325, 0.4996539910401528, 0.48373973765410483, 0.4692474980838597, 0.4573754874161548, 0.4472155013354495, 0.4380074636164037, 0.4305142696830444, 0.42478083054391813, 0.41896888899749946, 0.4140476351138204, 0.40956845876644365, 0.4054086232174407, 0.4017061940394342, 0.3983721662508814, 0.3952771751675755, 0.39240846325022477, 0.389752356197939, 0.3873388292065457, 0.38516030422761105, 0.38312873503193257, 0.38125132334132034, 0.3794344770549624, 0.3777889615739696, 0.3761910045005638, 0.37472591005110495, 0.3732836622399308, 0.37192223464808194, 0.3706781201939465, 0.36946331529521986, 0.3683059275017253, 0.3672133876566982, 0.36620431876036563, 0.3652316504586978, 0.36428982673738247, 0.36337986173457465, 0.3625416017830281, 0.36171361968098653, 0.3609249670502491, 0.36016612536993553, 0.35944171412847936, 0.35876350368008664, 0.35810377796557036, 0.3574701835459564, 0.3568557707488309, 0.3562720961589366], "dev_acc": [0.7223188405797102, 0.7252173913043478, 0.72, 0.7982608695652174, 0.8272463768115942, 0.784927536231884, 0.8052173913043478, 0.8179710144927537, 0.807536231884058, 0.8185507246376812, 0.8191304347826087, 0.8173913043478261, 0.8156521739130435, 0.8191304347826087, 0.8220289855072463, 0.8208695652173913, 0.8231884057971014, 0.8307246376811595, 0.8214492753623188, 0.823768115942029, 0.8260869565217391, 0.8307246376811595, 0.823768115942029, 0.8249275362318841, 0.831304347826087, 0.8336231884057971, 0.8255072463768116, 0.8365217391304348, 0.8336231884057971, 0.8226086956521739, 0.8226086956521739, 0.8289855072463768, 0.8197101449275362, 0.8301449275362319, 0.8307246376811595, 0.8353623188405798, 0.8260869565217391, 0.831304347826087, 0.8301449275362319, 0.8255072463768116, 0.8289855072463768, 0.8284057971014492, 0.8266666666666667, 0.8255072463768116, 0.823768115942029, 0.8272463768115942, 0.8266666666666667, 0.8278260869565217, 0.8266666666666667, 0.8266666666666667]}