{"train_loss": [0.6378220422193408, 0.6279114501085132, 0.6197412645754715, 0.6125622871331871, 0.6043970831669867, 0.5944006805463383, 0.582672185597143, 0.5707373826298863, 0.5587492634076625, 0.5487040820531547, 0.5399498350029304, 0.5317491187209574, 0.5240684020547912, 0.5176119823674006, 0.5118164475386341, 0.5062318430282176, 0.5009728110094062, 0.49634678234967095, 0.4920650103595108, 0.48807323635555805, 0.48461753054566326, 0.4811331907033243, 0.4779914626750447, 0.47505680648221943, 0.47233633022755384, 0.46981691878038245, 0.467534240671537, 0.46536858182766344, 0.46325950767716456, 0.46133295812954506, 0.4594668942098055, 0.4576717523887055, 0.45594199226858717, 0.454306625884355, 0.4527495054195502, 0.4512283712133972, 0.4498280257527792, 0.44850432427330433, 0.4472110024295174, 0.4459958463557996, 0.4447952675712636, 0.44369774577873095, 0.44264745443712833, 0.4416346329116178, 0.44067517811329, 0.4397518714464715, 0.4388512244467881, 0.4379981750486574, 0.43717188978263616, 0.436359360255301], "dev_acc": [0.664927536231884, 0.664927536231884, 0.6904347826086956, 0.6892753623188406, 0.6718840579710145, 0.664927536231884, 0.6869565217391305, 0.6834782608695652, 0.6678260869565218, 0.68, 0.6794202898550724, 0.6701449275362319, 0.6591304347826087, 0.64, 0.6765217391304348, 0.6463768115942029, 0.6655072463768116, 0.6707246376811594, 0.6678260869565218, 0.6672463768115942, 0.673623188405797, 0.6707246376811594, 0.6701449275362319, 0.6631884057971015, 0.6573913043478261, 0.672463768115942, 0.6643478260869565, 0.6718840579710145, 0.6794202898550724, 0.6655072463768116, 0.6678260869565218, 0.6684057971014493, 0.6759420289855073, 0.6672463768115942, 0.6689855072463768, 0.6568115942028986, 0.662608695652174, 0.6666666666666666, 0.6672463768115942, 0.6678260869565218, 0.6684057971014493, 0.6689855072463768, 0.6666666666666666, 0.6591304347826087, 0.662608695652174, 0.662608695652174, 0.6597101449275362, 0.663768115942029, 0.6620289855072464, 0.6620289855072464]}