{"train_loss": [0.6634376300498843, 0.6516218087635934, 0.6460660847369581, 0.6425521817291155, 0.6397219697479158, 0.6373566136462614, 0.6348221676224577, 0.6323975321138278, 0.6298912845603708, 0.6275747302453965, 0.625494551950727, 0.6235728606116027, 0.6218658613685805, 0.6201994567444282, 0.6187824735883624, 0.6175188843189972, 0.616212566903628, 0.6151260996832408, 0.6141034820680752, 0.6130638170056045, 0.6121349914575971, 0.611219067952003, 0.6103541791115118, 0.6096005386595303, 0.6088435426726937, 0.6081034689962578, 0.6074121742836993, 0.6067579396351773, 0.6060785080771893, 0.605418396818762, 0.6047978348909847, 0.6041942384545109, 0.6036798151167617, 0.6031834090210717, 0.602664121952174, 0.6021915393713344, 0.601674825475375, 0.6012509480535396, 0.6008258174376514, 0.6003748413699214, 0.5999975913749417, 0.5996084770498177, 0.5992250563089497, 0.5988412315015342, 0.5985059396725976, 0.598171677668174, 0.5978241676137723, 0.5975115942031456, 0.5971971086787098, 0.5969390853215009], "dev_acc": [0.664927536231884, 0.664927536231884, 0.664927536231884, 0.664927536231884, 0.664927536231884, 0.664927536231884, 0.664927536231884, 0.664927536231884, 0.6788405797101449, 0.6747826086956522, 0.6805797101449276, 0.6788405797101449, 0.6834782608695652, 0.6759420289855073, 0.6747826086956522, 0.6684057971014493, 0.6817391304347826, 0.6852173913043478, 0.6742028985507247, 0.6846376811594203, 0.6689855072463768, 0.6788405797101449, 0.6811594202898551, 0.68, 0.6794202898550724, 0.6782608695652174, 0.6742028985507247, 0.6782608695652174, 0.6614492753623188, 0.6689855072463768, 0.6742028985507247, 0.6707246376811594, 0.6701449275362319, 0.664927536231884, 0.6753623188405797, 0.6776811594202898, 0.6701449275362319, 0.6620289855072464, 0.6614492753623188, 0.6655072463768116, 0.6753623188405797, 0.664927536231884, 0.6660869565217391, 0.663768115942029, 0.662608695652174, 0.6631884057971015, 0.6597101449275362, 0.6597101449275362, 0.6597101449275362, 0.6591304347826087]}