{"train_loss": [0.6427467393223196, 0.6196169700706378, 0.6003904026777794, 0.5846032288391143, 0.5704161194618791, 0.5577648970453689, 0.5457572114121702, 0.5338714812532999, 0.5221951799725907, 0.5121843945700675, 0.5029675419738685, 0.49455274565843865, 0.486553752526211, 0.4790824557754344, 0.47212584502995014, 0.4661170774779748, 0.4603128355571671, 0.4551461121946987, 0.4503734326602793, 0.44611599190393464, 0.4420189543605028, 0.4384655424563045, 0.4351833136752248, 0.4320153973627991, 0.4291006267257035], "dev_acc": [0.664927536231884, 0.7246376811594203, 0.7304347826086957, 0.7443478260869565, 0.7518840579710145, 0.7460869565217392, 0.7408695652173913, 0.7397101449275363, 0.7142028985507246, 0.7385507246376811, 0.6950724637681159, 0.7391304347826086, 0.7368115942028985, 0.7368115942028985, 0.735072463768116, 0.7356521739130435, 0.7414492753623189, 0.7460869565217392, 0.7304347826086957, 0.7414492753623189, 0.7269565217391304, 0.7298550724637681, 0.7252173913043478, 0.7269565217391304, 0.7159420289855073]}