{"train_loss": [0.6095019383355975, 0.5710318344645202, 0.5340603655204177, 0.5072388713015243, 0.484986123861745, 0.4722757298344125, 0.46096550623354104, 0.44860866182716563, 0.43830829041285646, 0.42978273236658426, 0.42271327038972895, 0.4164750891310784, 0.4112553681569317, 0.4066117651028825, 0.402403726382181, 0.3989594793674769, 0.39548746030777693, 0.39218367958286154, 0.38937682479521946, 0.38662620447576046, 0.38407729824428405, 0.38192266662901436, 0.3799190560720213, 0.3779032933428728, 0.3760730943735689], "dev_acc": [0.7559420289855072, 0.8133333333333334, 0.8185507246376812, 0.8057971014492754, 0.8179710144927537, 0.7542028985507246, 0.8214492753623188, 0.8220289855072463, 0.8249275362318841, 0.8179710144927537, 0.8121739130434783, 0.8255072463768116, 0.8220289855072463, 0.8231884057971014, 0.8249275362318841, 0.8342028985507246, 0.8208695652173913, 0.8307246376811595, 0.8249275362318841, 0.8191304347826087, 0.8208695652173913, 0.8057971014492754, 0.8272463768115942, 0.8266666666666667, 0.807536231884058]}