{"train_loss": [0.6092067488934845, 0.5773608303861693, 0.5413998669634262, 0.5108416171278805, 0.4872895902022719, 0.46894451320016134, 0.45498338747503503, 0.4442607723758556, 0.43486265905408394, 0.4263853003969416, 0.41897780393165623, 0.41243002701473114, 0.4070191881619394, 0.4026347511181874, 0.3984459323032449, 0.3946335523214657, 0.39157863617326844, 0.38906137708626276, 0.3866663613160582, 0.38466019863262774, 0.3826525978344892, 0.3806487142679874, 0.37856521860331943, 0.37670377153942053, 0.37493835128843783], "dev_acc": [0.7281159420289856, 0.7779710144927536, 0.7988405797101449, 0.8115942028985508, 0.8318840579710145, 0.8063768115942029, 0.8336231884057971, 0.8081159420289855, 0.8231884057971014, 0.8231884057971014, 0.8359420289855073, 0.8301449275362319, 0.8347826086956521, 0.8260869565217391, 0.8249275362318841, 0.831304347826087, 0.8202898550724638, 0.8231884057971014, 0.823768115942029, 0.8144927536231884, 0.8289855072463768, 0.8318840579710145, 0.8104347826086956, 0.8266666666666667, 0.8353623188405798]}