,loss,start_loss,end_loss,start_accuracy,end_accuracy,val_loss,val_start_loss,val_end_loss,val_start_accuracy,val_end_accuracy,val_accuracy,accuracy
0,11.752038955688477,5.878744602203369,5.873293399810791,0.024000000208616257,0.026000000536441803,11.862503051757812,5.9317426681518555,5.930760383605957,0.3319999873638153,0.3319999873638153,0.3319999873638153,0.02500000037252903
