,loss,start_loss,end_loss,start_accuracy,end_accuracy,val_loss,val_start_loss,val_end_loss,val_start_accuracy,val_end_accuracy,val_accuracy,accuracy
0,11.754964828491211,5.880325794219971,5.874640464782715,0.024000000208616257,0.026000000536441803,11.863207817077637,5.93208122253418,5.931127548217773,0.3319999873638153,0.3319999873638153,0.3319999873638153,0.02500000037252903
