,loss,accuracy,val_loss,val_accuracy
0,0.21299101412296295,0.9079999923706055,0.6652302742004395,0.6679999828338623
